{"_wandb":{"runtime":1998},"Loss/train":810.6366025593628,"_timestamp":1.7326333076876318e+09,"_runtime":1998.051281,"_step":1}